이름,나이,거주지
김지수,28,안산
홍길동,29,안산
이순신,30,안산
김지수,28,안산
김지수,29,안산
김지수,30,안산
김지수,28,안산
김지수,29,안산
김지수,30,안산
김지수,28,안산
김지수,29,안산
김지수,30,안산
김지수,28,안산
김지수,29,안산
김지수,30,안산
김지수,28,안산
김지수,29,안산
김지수,30,안산
김지수,28,안산
김지수,29,안산
김지수,30,안산
김지수,28,안산
김지수,29,안산
김지수,30,안산
김지수,28,안산
김지수,29,안산
김지수,30,안산
김지수,28,안산
김지수,29,안산
김지수,30,안산
김지수,28,안산
김지수,29,안산
김지수,30,안산
김지수,28,안산
김지수,29,안산
김지수,30,안산
김지수,28,안산
김지수,29,안산
김지수,30,안산
김지수,28,안산
김지수,29,안산
김지수,30,안산
김지수,28,안산
김지수,29,안산
김지수,30,안산
김지수,28,안산
김지수,29,안산
김지수,30,안산
김지수,28,안산
김지수,29,안산
김지수,30,안산
김지수,28,안산
김지수,29,안산
김지수,30,안산
김지수,28,안산
김지수,29,안산
김지수,30,안산
김지수,28,안산
김지수,29,안산
김지수,30,안산
김지수,28,안산
김지수,29,안산
김지수,30,안산
김지수,28,안산
김지수,29,안산
김지수,30,안산
김지수,28,안산
김지수,29,안산
김지수,30,안산
김지수,28,안산
김지수,29,안산
김지수,30,안산
김지수,28,안산
김지수,29,안산
김지수,30,안산
김지수,28,안산
김지수,29,안산
김지수,30,안산
김지수,28,안산
김지수,29,안산
김지수,30,안산
김지수,28,안산
김지수,29,안산
김지수,30,안산
김지수,28,안산
김지수,29,안산
김지수,30,안산
김지수,28,안산
김지수,29,안산
김지수,30,안산
김지수,28,안산
김지수,29,안산
김지수,30,안산
김지수,28,안산
김지수,29,안산
김지수,30,안산
,28,안산
,29,안산
,30,안산
